{"cameraMode":{"drawMode":0,"name":"Shaded","section":"Shading Mode"},"sceneLighting":false,"audioPlay":false,"sceneViewState":{"showFog":true,"showMaterialUpdate":false,"showSkybox":false,"showFlares":true,"showImageEffects":true,"showParticleSystems":true},"in2DMode":false,"pivot":{"x":0.8362082242965698,"y":1.0907392501831055,"z":1.7566008567810059},"rotation":{"x":-0.1551896035671234,"y":-0.07786013185977936,"z":0.012270389124751091,"w":-0.9847356677055359},"size":1.3142489194869996,"orthographic":false}